Name,Org ID,Start Date
CodeMash 2018,621519393,2018-01-09T08:00:00
BYOB Holiday Lights Trolley - Cleveland,10652048014,2017-11-24T16:00:00
"Parkside Christmas Concert - Saturday, Dec. 9 - 3PM",12063909343,2017-12-09T15:00:00
"Parkside Christmas Concert - Saturday, Dec. 9 - 7PM",12063909343,2017-12-09T19:00:00
"Parkside Christmas Concert - Friday, Dec. 8",12063909343,2017-12-08T19:00:00
"Parkside Christmas Concert - Sunday, Dec. 10",12063909343,2017-12-10T19:00:00
"Parkside Christmas Concert - Thursday, Dec. 7",12063909343,2017-12-07T19:00:00
BYOB Holiday Lights Trolley - Grand Rapids,10652048014,2017-12-03T17:00:00
Professional Ministerial Certification,1572974280,2012-03-20T09:00:00
Holidazzle 2017 Christmas Open House - Kentwood,3114912820,2017-11-17T18:00:00
African Fashions Marketplace: Cleveland Ohio.,13334696014,2017-11-11T10:00:00
12TH Annual Oakland Dance Festival - DANCE,4701567195,2017-11-18T09:00:00
Adoption Celebration 2017,6926765305,2017-11-12T13:00:00
Game of Crawls - Royal Oak,8584698161,2017-11-18T12:00:00
Who? A Musical Murder Mystery,14753299208,2017-10-13T18:00:00
Authors! Authors! - W. Kamau Bell @ Stranahan,8268869730,2017-11-16T19:00:00
Up On The Rooftops 2017,721419835,2017-12-08T18:00:00
Santa Hustle® Cedar Point 5k & Half Marathon,6669080047,2017-12-10T09:00:00
All I Want for Christmas...Is At HOME & COMPANY,15087890063,2017-11-14T17:00:00
The Annual Martini Experience : Weds Nov 22nd @ Granite City - Legacy Village  Thanksgiving Eve : Featuring Comp Cocktails : Comp RSVP List Ends Nov 1,1298350275,2017-11-22T22:00:00
Champagne and Cupcakes at Blu Jean Blues,14969796152,2017-11-19T15:00:00
Superhero Autism Activity Day - Sterling Heights - Presented by Centria Autism,12921052638,2017-11-18T10:00:00
Mission Services of London 2017 Fall Banquet & Silent Auction,8247709639,2017-11-16T17:30:00
Ambassadors of Song - International Male Chorus Symposium,12717773576,2017-11-10T19:00:00
Roller Blabe vs Rosè Gosè - Dual Can Release,13195110709,2017-11-12T12:00:00
Aging Matters Expo,13470265403,2017-11-14T08:00:00
Ugly Sweater Bar Crawl - Cleveland,10927296359,2017-12-09T12:00:00
Richard & Hinda Rosenthal Symposium: Pain & the Opioid Epidemic: A Path Forward,11077172197,2017-11-27T15:00:00
SharePoint Saturday Detroit 2017 #spsdetroit,3267487418,2017-12-02T08:00:00
12 Bars of Xmas Bar Crawl - Grand Rapids,13055694580,2017-12-02T12:00:00
Holiday Wine Down,4391787813,2017-12-06T18:00:00
Mentor All Sports Pass 2017,9482696453,2017-08-03T14:00:00
PARENT-CHILD WORKSHOPS,6555979849,2017-11-16T18:00:00
2017 Pillar Community Innovation Awards,964533803,2017-11-22T18:30:00
Pitch & Pour,8449193220,2017-11-16T17:30:00
12 Bars of Xmas Bar Crawl - Cleveland,13055694580,2017-12-02T12:00:00
Eastern Holiday Market - Free Admission - Dec 17 2017,6227214489,2017-12-17T11:00:00
"Christmas at Brightmoor - Sunday Afternoon, 12/10",12017569217,2017-12-10T15:00:00
FinTech Risks & Opportunities: An Interdisciplinary Approach,13112047307,2017-11-16T08:00:00
Cleveland Dance Fest 2017: Performances & Master Classes,11120966627,2017-11-10T19:30:00
Tech Homecoming 2017,11823421631,2017-11-22T16:00:00
"Christmas at Brightmoor - Saturday Afternoon, 12/9",12017569217,2017-12-09T15:00:00
Trump and the Future of American Democracy,15403837320,2017-11-16T19:00:00
Taste of RedWater,12915532264,2017-11-11T18:00:00
Breakfast With Santa and Mrs. Claus,4334141091,2017-12-02T08:30:00
MSU VS MARYLAND TAILGATE ,14806577564,2017-11-18T00:00:00
2017 MVCA Annual Awards Dinner,1261639083,2017-11-15T17:30:00
Black Girls CODE Detroit Chapter Presents: Behind the Click: The Intersection of WoC in Technology + Arts,2943822513,2017-12-12T18:00:00
Waterford Pride Presents ......RAJA,11208569585,2017-11-25T20:00:00
